// source and thanks to: http://www.golombek.com/locations.html
Aalborg Denmark;+57.09700;+9.85000
Abbotsford BC;+49.03000;-122.32000
AberdeenPrvGnd MD;+39.23500;-76.17490
Aberdeen ID;+42.95000;-112.83000
Aberdeen MD;+39.51170;-76.16170
Aberdeen Scotland;+57.20000;-2.20000
Aberdeen SD;+45.46700;-98.48300
Aberdeen WA;+47.00000;-123.80000
Abilene KS;+38.90000;-97.20000
Abilene TX;+32.46500;-99.71330
Acapulco Mexico;+16.75000;-99.76700
Accra Ghana;+5.60000;-0.16700
Ada MN;+47.28300;-96.53300
Adak AK;+51.66700;-176.46700
Adams MA;+42.58300;-73.16700
AddisAbaba Ethiopia;+9.00000;+38.73330
Adelaide Australia;-34.76660;+138.53670
Aden Yemen(PDR of);+12.80000;+45.00000
Afton OK;+36.70000;-94.93300
Afton WY;+42.70000;-110.86700
AganaNAS Guam;+13.48167;+144.79330
Ahwahnee CA;+37.25000;-119.42000
Aiken SC;+33.53300;-81.71700
Ainsworth NE;+42.53300;-99.85000
Ajo AZ;+32.33300;-112.91700
Akron OH;+41.08330;-81.51220
AlManamah Bahrain;+26.01670;+50.55000
Alameda CA;+37.76330;-122.24300
Alamo NV;+37.36700;-115.16700
Alamogordo NM;+32.90000;-105.95700
Albany GA;+31.57500;-84.15830
Albany NY;+42.65030;-73.75030
Albany OR;+44.63330;-123.09800
Albion ID;+42.40000;-113.57000
Albuquerque NM;+35.08360;-106.65100
Alcoa TN;+35.75000;-84.00000
Aldermaston England;+51.11933;-1.15543
Alert NWT;+82.52000;-62.28000
Alexander City AL;+32.91700;-85.91700
Alexandria Egypt;+31.19000;+29.95000
Alexandria LA;+31.30170;-92.45330
Alexandria VA;+38.80330;-77.05000
Algiers Algeria;+36.70000;+3.21700
Alhambra CA;+34.14000;-118.10700
AliceSprings Austral;-23.80000;+133.90000
Allen AAF AK;+64.00000;-145.72000
Allentown PA;+40.60300;-75.46830
Alliance NE;+42.10000;-102.88300
Alpharetta GA;+34.06110;-84.22220
Alpine CA;+32.50370;-116.45100
Altenstadt Germany;+47.83400;+10.86800
Altoona PA;+40.51530;-78.40080
Amami Island Japan;+28.25000;+129.70000
Amarillo TX;+35.20750;-101.83400
Ambler AK;+67.08000;-157.85000
Amchitka AK;+51.38000;-179.26000
American Falls ID;+42.75000;-112.88300
Ames IA;+42.03170;-93.61670
Amherst OH;+41.39750;-82.21970
Amilcar Cabral Cap Ver;+16.75000;-22.95000
Amman Jordan;+31.95000;+35.95000
Amsterdam Neth.;+52.35000;+4.86660
Anaconda MT;+46.12830;-112.95300
Anaheim CA;+33.83500;-117.91300
Anchorage AK;+61.16670;-149.98300
Anderson AFB Guam;+13.58670;+144.93670
Anderson IN;+40.16670;-85.68500
Anderson SC;+34.51000;-82.65500
Angaur Island;+6.90000;+134.15000
Ankara Turkey;+40.03000;+32.90000
AnnArbor MI;+42.28310;-83.74780
Annapolis MD;+38.97330;-76.49500
Annette Is AK;+55.04500;-131.56000
Anniston AL;+33.65000;-85.78300
Ansbach Germany;+49.33000;+10.59700
Antigua;+17.13330;-61.78330
Antlers OK;+24.23300;-95.63300
Antofagasta Chile;-23.43330;-70.60000
Antwerp Belgium;+51.21670;+4.40000
Appleton WI;+44.26170;-88.42000
Aqaba Jordan;+29.60000;+35.01000
Arcade-Arden CA;+38.58330;-121.48300
Ardmore OK;+34.16700;-97.13300
Arese Italy;+45.60000;+9.15000
Argyle MN;+48.35000;-96.80000
Arica Chile;-18.35000;-70.33330
Arkadelphia AR;+34.10000;-93.08300
Arlington Hts. IL;+42.08830;-87.98000
Arlington MA;+42.41500;-71.15170
Arlington TX;+32.73670;-97.11330
Arlington VA;+38.90000;-77.10000
Armour SD;+43.30000;-98.35000
Arvada CO;+39.80000;-105.07800
Ascenci&oacute;n Island;-7.88000;-14.42000
Ash Fork AZ;+35.21700;-112.48300
Asheville NC;+35.59500;-82.55720
Ashland KS;+37.18300;-99.76700
Ashland KY;+38.47670;-82.63970
Ashland ME;+46.61700;-68.43300
Ashley ND;+46.05000;-99.38300
Asmara Ethiopia;+15.28330;+38.90000
Aspen CO;+39.25000;-106.91700
Astoria OR;+46.18300;-123.85000
Asuncion Paraguay;-25.23330;-57.51670
Aswan Egypt;+23.96500;+32.82000
Athens GA;+33.95670;-83.38330
Athens Greece;+38.00000;+23.63330
Athens Greece;+38.02667;+23.73345
Athens TN;+35.43300;-84.60000
Atkinson NE;+42.53300;-98.96700
Atlanta GA;+33.75280;-84.39360
Atlantic City NJ;+39.35890;-74.43140
Atmore AL;+31.01700;-87.51700
Attleboro MA;+41.95800;-71.29190
Auburn AL;+32.60670;-85.48330
Auburn ME;+44.09670;-70.22830
Auckland New Zealand;-36.88320;+174.75000
Augusta AR;+35.26700;-91.35000
Augusta GA;+33.47220;-81.96670
Augusta ME;+44.31470;-69.77470
Aurora CO;+39.74000;-104.86800
Aurora IL;+41.75500;-88.31330
Aurora MN;+47.51700;-92.28300
Austin NV;+39.50000;-117.08300
Austin TX;+30.26920;-97.74360
Avalon Australia;-38.03330;+144.46670
Aviano Italy;+46.03300;+12.60000
Avon CT;+41.66700;-72.83300
Ayase Japan;+35.45000;+139.45000
Aztec NM;+36.66700;-108.00000;
Babelthuap Island;+7.36440;+134.55140
Bacolod Philippines;+10.65000;+122.93330
Baden-Baden Germany;+48.79000;+8.19000
Baghdad Iraq;+33.23330;+44.36670
Bahrain UAE;+26.26700;+50.63300
Baie-Comeau PQ;+49.14000;-68.18000 
Baker MT;+46.35000;-104.20000 
Bakersfield CA;+35.37500;-119.02200
Balboa Panama;+8.91670;-79.60000
Baldwin Park CA;+34.07000;-117.95800
Bali Indonesia;-8.75000;+115.16670
Baltimore MD;+39.29050;-76.61250
Bamberg Germany;+49.83300;+10.83300
Bandar Abbass Iran;+27.22600;+56.37700
Bandar Lengeh Iran;+26.53300;+54.82500
Bandirma Turkey;+40.30900;+27.97300
Banff AB;+51.18000;-115.55000
Bangalore India;+13.80000;+77.30000
Bangkok Thailand;+13.83330;+100.48330
Bangor ME;+44.80360;-68.77170
Banjul Gambia;+13.33600;-16.65990
Bar Harbor ME;+44.36700;-68.21700
Baraboo WI;+43.48300;-89.73300
Barbados;+13.06670;-59.50000
Barcelona Spain;+41.30200;+2.09200
Barnesville OH;+40.00330;-81.19170
Barranquilla Colombia;+10.90000;-74.78330
Barre VT;+44.19830;-72.50170
Barron WI;+45.40000;-91.85000
Barrow AK;+71.33300;-156.00000
Barstow CA;+34.88300;-117.05000
Bartlesville OK;+36.74500;-95.97670
Barton VT;+44.75000;-72.08300
Basrah Iran;+30.56670;+47.77700
Batesburg SC;+33.88300;-81.56700
Baton Rouge LA;+30.44940;-91.18330
Battle Creek MI;+42.31610;-85.18000
Bay City MI;+43.60110;-83.88750
Bay St Louis MS;+30.31700;-89.33300
Bayonne NJ;+40.66670;-74.12000
Baytown TX;+29.71830;-94.97670
Beach ND;+46.91700;-104.00000
Beatty NV;+36.96700;-116.80000
Beaufort SC;+32.41700;-80.66700
Beaumont TX;+30.08890;-94.10250
Beaver UT;+38.25000;-112.66700
Beaverton OR;+45.48830;-122.80700
Beckley WV;+37.77670;-81.19000
Beijing China;+39.91660;+116.38330
Beirut Lebanon;+33.88330;+35.50000
Beja Portugal;+38.14600;-7.92200
Belem Brazil;-1.38330;-48.48330
Belen NM;+34.66700;-106.75000
Belfast N. Ireland;+54.63000;-5.87000
Belgrade Serbia;+44.80000;+20.53330
Belize City;+15.53330;-88.30000
Belleville IL;+38.51700;-89.98300
Bellevue NE;+41.14500;-95.89170
Bellevue WA;+47.61670;-122.20000
Bellflower CA;+33.89000;-118.14200
Bellingham WA;+48.75050;-122.47700
Bellows Falls VT;+43.13333;-72.45000
Ben Guerir Morocco;+32.12772;-7.87990
Bend OR;+44.06700;-121.28300
Bennington VT;+42.88000;-73.19670
Benton AR;+34.56500;-92.58670
Bergen Norway;+60.29000;+5.22000
Berkeley CA;+37.86940;-122.27100
Berlin Germany;+52.51670;+13.33330
Berlin NH;+44.41700;-71.16700
Bermuda;+32.36700;-64.68300
Bern Switzerland;+46.91670;+7.41670
Bethel AK;+60.79170;-161.75000
Bethesda MD;+39.00000;-77.16700
Bethlehem PA;+40.62110;-75.37610
Bettendorf IA;+41.61167;-90.58920
Bettles Field AK;+66.96700;-151.80000
Biddeford ME;+43.49170;-70.46330
Big Delta AK;+64.13300;-145.80000
Big Lake AK;+61.85000;-150.10000
Billings MT;+45.78330;-108.50100
Biloxi MS;+30.39670;-88.88330
Binghamton NY;+42.10080;-75.91310
Birmingham AL;+33.51690;-86.81000
Birmingham England;+52.48330;-1.88320
Bismarck ND;+46.80640;-100.78800
Bitburg Germany;+49.94500;+6.56900
Blackpool England;+53.77300;-3.04500
Blackwell OK;+36.78300;-97.31700
Bloomfield NJ;+40.79500;-74.20000
Bloomington IL;+40.48170;-88.99330
Bloomington IN;+39.16500;-86.53170
Bloomington MN;+44.82500;-93.27500
Bluefield WV;+37.26670;-81.22330
Bluff UT;+37.30000;-109.56700
Boca Raton FL;+26.35000;-80.08670
Boca Raton FL;+26.35000;-80.08670
Bodo Norway;+67.27000;+14.36670
Bogalusa LA;+30.80000;-89.86700
Bogota Colombia;+4.63330;-74.09990
Boise City OK;+36.70000;-102.50000
Boise ID;+43.61860;-116.19900
Boise ID;+43.63333;-116.26700
Bologna Italy;+44.53800;+11.29000
Bombay India;+18.96670;+72.83330
Bonn Germany;+50.72000;+7.08000
Boone NC;+36.19860;-81.65770
Booneville KY;+37.41700;-83.66700
Bordeaux France;+44.83330;-0.61660
Bordentown NJ;+40.08300;-74.66700
Borinquen PR;+18.50000;-67.13330
Boscobel WI;+43.13300;-90.73300
Bossier City LA;+32.50000;-93.70000
Bossier City LA;+32.51670;-93.73170
Boston MA;+42.35670;-71.05690
Boulder City NV;+35.97830;-114.83800
Boulder Creek CA;+37.05000;-122.15000
Boulder CO;+40.01330;-105.28000
Bountiful UT;+40.88500;-111.88000
Bowie MD;+39.00670;-76.78170
Bowling Green KY;+36.98830;-86.45080
Bowman ND;+46.18300;-103.38300
Bozeman MT;+45.68170;-111.03800
Bradshaw AAF HI;+19.76310;-155.55700
Brandon MB;+49.85000;-99.95000
Brandon VT;+43.75000;-73.08300
Brasilia Brazil;-15.86670;-47.91670
Brattleboro VT;+42.85170;-72.56330
Bremen Germany;+53.04700;+8.79000
Bremerton WA;+47.56700;-122.63300
Brest France;+48.40000;-4.49990
Bridgeport CT;+41.18030;-73.18940
Bridgeport CT;+41.18750;-73.20830
Bridgeton NJ;+39.45000;-75.21000
Brilliant OH;+40.16000;-80.38000
Brisbane Australia;-27.49990;+153.16670
Bristol CT;+41.67330;-72.95000
Bristol England;+51.48330;-2.64990
Bristol RI;+41.68300;-71.23300
Bristol TN;+36.59330;-82.17670
Bristol VT;+44.16700;-73.00000
Brize Norton England;+51.75000;-1.58880
Brockton MA;+42.08390;-71.02360
Broken Arrow OK;+36.05000;-95.79500
Brookings OR;+42.06700;-124.26700
Brookings SD;+44.31000;-96.79330
Brookline MA;+42.33170;-71.12170
Brooklyn Park MN;+45.10000;-93.37500
Brookside Park DE;+39.67330;-75.72000
Brownsville TX;+25.90190;-97.49940
Brunei;+4.95000;+114.93670
Brunswick GA;+31.13300;-81.50000
Brunswick ME;+43.90670;-69.96330
Brussels Belgium;+50.85000;+4.35000
Bucharest Romania;+44.38330;+26.16670
Buckeburg Germany;+52.27500;+9.07400
Budapest Hungary;+47.43300;+19.25000
Buena Park CA;+33.87170;-117.99700
Buena Park CA;+33.87170;-117.99700
Buenos Aires Argent;-34.33320;-58.49990
Buffalo NY;+42.88110;-78.87250
Buffalo WY;+44.31700;-106.70000
Burbank CA;+34.18170;-118.31200
Burlington CO;+39.28300;-102.43300
Burlington CT;+41.77000;-72.99000
Burlington IA;+40.81000;-91.23330
Burlington NC;+36.09670;-79.43330
Burlington VT;+44.47860;-73.21280
Burlington WA;+48.47000;-122.45000
Burns OR;+43.58300;-119.08300
Burwash YT;+61.33000;-139.00000
Butte MT;+46.01830;-112.53600
Butterworth Malaysia;+5.46670;+100.40000
Cairo Egypt;+30.00000;+31.28330
Calais/Dunkirk France;+50.96000;+1.95000
Calcutta India;+22.53330;+88.36670
Caldwell ID;+43.66500;-116.68700
Calgary Alberta;+51.05000;-114.08300
Caliente NV;+37.63300;-114.50000
Cambridge England;+52.19000;+0.17000
Cambridge MA;+42.36690;-71.10610
Cambridge MD;+38.57000;-76.07830
Camden NJ;+39.94470;-75.12050
Canberra Australia;-35.35000;+149.16670
Cannes France;+43.73000;+6.90000
Canoga Park CA;+34.21000;-118.57000
Canton China;+23.11670;+113.25000
Canton OH;+40.79720;-81.37690
Cantonsville MD;+39.29050;-76.61250
Cape Canaveral FL;+28.45000;-80.45800
Cape Girardeau MO;+37.31000;-89.53330
Cape May NJ;+38.91700;-74.83300
Cape Town So Africa;-33.79990;+18.46670
Caracas Venezuela;+10.50000;-66.96660
Carbonado WA;+47.08300;-122.05000
Carbondale IL;+37.70000;-89.20000
Cardiff Wales;+51.50000;-3.29990
Carlton MN;+46.66700;-92.43300
Carmichael CA;+38.66680;-121.32900
Carrizozo NM;+33.66700;-105.91700
Carrollton GA;+33.58300;-84.08300
Carson City NV;+39.16670;-119.76700
Carson CA;+33.80670;-118.28300
Cartersville GA;+34.15000;-84.78300
Cary IL;+42.21670;-88.23330
Casa Grande AZ;+32.88000;-111.74800
Casablanca Morocco;+33.53330;-7.68320
Casper WY;+42.84670;-106.31300
Castlerock WA;+46.28300;-122.88300
Cave Creek AZ;+33.77500;-111.89600
Cayenne Fr. Guiana;+4.90000;-52.50000
Cedar City UT;+37.66700;-113.16700
Cedar Falls IA;+42.52500;-92.45170
Cedar Rapids IA;+41.96690;-91.66470
Central Islip NY;+40.79000;-73.20000
Centreville MD;+39.08300;-76.08300
Cerritos CA;+33.83500;-118.08300
Chagrin Falls OH;+41.40000;-81.60000
Champaign IL;+40.11800;-88.24670
Chapel Hill NC;+35.93470;-79.06720
Charleston SC;+32.77640;-79.93140
Charleston WV;+38.35030;-81.63110
Charlevoix PQ;+47.61000;-70.19000
Charlotte NC;+35.22890;-80.84580
Charlottesville VA;+38.00000;-78.41700
Charlottetown PEI;+46.24000;-63.13000
Chatham NB;+47.05000;-65.45000
Chattanooga TN;+35.04470;-85.30890
Cheju S. Korea;+33.50000;+126.50000
Cheltenham PA;+40.05000;-75.11000
Cheraw SC;+34.66700;-79.86700
Cherbourg France;+49.65000;-1.46700
Cherokee OK;+36.73300;-98.36700
Chesapeake VA;+36.82500;-76.28330
Chester CT;+41.41000;-72.48000
Chester PA;+39.85000;-75.36700
Cheyenne WY;+41.13580;-104.81900
Chiang Mai Thailand;+18.76330;+98.96670
Chibougamau PQ;+49.90000;-74.38000
Chicago IL;+41.87440;-87.63940
Chiclayo Peru;-6.78330;-79.83330
Chicopee MA;+42.14000;-72.61170
Chignik AK;+56.23300;-158.20000
Chillicothe IL;+41.91700;-89.50000
Chillicothe MO;+39.76700;-93.53300
Chillicothe OH;+39.33300;-83.00000
Chino Hills CA;+34.01700;-117.70000
Chino CA;+34.01700;-117.70000
Chinook MT;+48.58300;-109.25000
Chitose Japan;+42.80000;+141.66670
Chittagong Bangladesh;+22.25000;+91.83330
Christchurch N Zealan;-43.48300;+172.53300
Christmas Island;+1.98330;-157.36700
Chula Vista CA;+32.64330;-117.08300
Churchill MB;+58.77000;-94.09000
Chuuk Micronesia;+7.45972;+151.83890
Cicero IL;+41.85000;-87.74500
Cincinnati OH;+39.10190;-84.50970
Circle AK;+65.83000;-144.06000
Circleville OH;+39.58300;-83.00000
Claremont NH;+43.37500;-72.33670
Clark NJ;+40.75000;-74.00000
Clarksburg WV;+39.28000;-80.34830
Clarksdale MS;+34.19830;-90.57500
Clarksville TN;+36.52670;-87.34830
Claymont DE;+39.80500;-75.45330
Clear Lake City TX;+29.53000;-95.07780
Clear AK;+64.33000;-149.15000
Clearlake CA;+38.93333;-122.60000
Clearwater FL;+27.96670;-82.79830
Cleveland OH;+41.49750;-81.69720
Cleveland TN;+35.15830;-84.87670
Clifton NJ;+40.88330;-74.14670
Clinton IA;+41.84330;-90.19330
Clovis NM;+34.40170;-103.20500
Cockeysville MD;+39.50000;-76.66700
Cocos Island;-12.18330;+96.83330
Cody WY;+44.51700;-109.03300
Cold Bay AK;+55.20000;-162.72500
Cold Lake AB;+54.43000;-110.23000
College Park MD;+38.98670;-76.93500
Collegedale TN;+35.04700;-85.05100
Cologne Germany;+50.93330;+6.95000
Colombo Sri Lanka;+6.96670;+79.86660
Colon Panama;+9.36670;-79.89990
Colorado Springs CO;+38.83530;-104.82100
Columbia Stn. OH;+41.31780;-81.96060
Columbia MO;+38.95080;-92.32940
Columbia SC;+34.00050;-81.03330
Columbia TN;+35.61500;-87.03670
Columbus GA;+32.46860;-84.99000
Columbus MS;+33.49830;-88.41670
Columbus NE;+42.42500;-97.36000
Columbus OH;+39.96300;-83.00470
Columbus OH;+39.96300;-83.00470
Columbus OH;+39.95000;-83.08330
Comox BC;+49.68000;-124.90000
Compton CA;+33.89500;-118.22600
Concepcion Chile;-36.76670;-73.05000
Concord CA;+37.97500;-122.03000
Concord NH;+43.20610;-71.54030
Condon OR;+45.23300;-120.16700
Conway AR;+35.10000;-92.45000
Conway NH;+44.00000;-71.16700
Copenhagen Denmark;+55.71670;+12.45000
Coralville IA;+41.68400;-91.59680
Corbin KY;+36.91700;-84.10000
Cordova AK;+60.56700;-145.63300
Corinth MS;+34.91700;-88.50000
Corning IA;+40.96700;-94.66700
Corpus Christi TX;+27.79750;-97.39580
Cortez CO;+37.35000;-108.58300
Corvallis OR;+44.56670;-123.27000
Costa Mesa CA;+33.64000;-117.91800
Council Bluffs IA;+41.26170;-95.86500
Covington KY;+39.08670;-84.51170
Cranbrook BC;+49.68000;-115.76000
Cranford NJ;+40.66200;-74.21600
Cranston RI;+41.78330;-71.43830
Crawford NE;+42.68300;-103.41700
Crestwood KY;+38.14000;-85.45000
Crestwood MO;+38.34000;-90.23000
Creve Coeur IL;+40.64360;-89.61060
Cripple Creek CO;+38.73300;-105.20000
Crocker MO;+35.47000;-92.08000
Crofton NE;+42.73300;-97.53300
Cubi Point Philippine;+14.80000;+120.16670
Culver City CA;+34.01000;-118.38300
Cumberland MD;+39.65000;-78.76330
Cut Bank MT;+48.63300;-112.31700
Dacca Bangladesh;+23.85000;+90.40000
Dakar Senegal;+14.75000;-17.50000
Dallas TX;+32.78580;-96.79360
Dalsbruk Finland;+60.01000;+22.48000
Daly City CA;+37.70170;-122.46200
Damascus Syria;+33.51670;+36.30000
Danbury CT;+41.39330;-73.45720
Danielson CT;+41.79000;-71.88000
Danville IA;+40.78333;-91.13330
Danville VA;+36.59170;-79.38420
Dar es Salaam Tanzan.;-6.79990;+39.28330
Darwin Australia;-12.41990;+130.83670
Davenport IA;+41.52190;-90.57580
Dayton OH;+39.75890;-84.19530
Dayton TN;+35.50000;-85.00000
Daytona Beach FL;+29.21220;-81.01940
Deadhorse AK;+70.19500;-148.46000
Dearborn Heights MI;+42.32500;-83.29170
Dearborn MI;+42.32330;-83.17500
Death Valley Nat'l Mon;+36.46389;-116.88100
Decataur IL;+39.84500;-88.94640
Decimomannu Italy;+39.41000;+8.96700
Dekalb IL;+41.92983;-88.71350
Del Rio TX;+29.36690;-100.73000
Delavan WI;+49.65000;-88.63330
Delhi LA;+32.43300;-91.48300
Delta Jct AK;+64.03000;-145.72000
Delta UT;+39.33300;-112.58300
DeMotte IN;+41.20000;-87.17250
Denali Nat'l Park AK;+63.71000;-148.94000
Denton TX;+33.22000;-97.13670
Denver CO;+39.74940;-104.98900
Derby CT;+41.33300;-73.08300
Derby England;+52.81700;-1.33300
Derry NH;+42.88170;-71.32330
Des Moines IA;+41.58720;-93.61670
Des Plaines IL;+42.04330;-87.87000
Desiderio AAF S. Kore;+36.95000;+127.03330
Detroit MI;+42.33000;-83.04920
Devils Lake ND;+48.11000;-98.86330
Dhahran Saudi Arabia;+26.26000;+50.15000
Diamond Bar CA;+34.03800;-117.79700
Diamond Springs CA;+38.70170;-120.82400
Dickinson ND;+46.88000;-102.78800
Dickinson TX;+29.46940;-95.08250
Diego Garcia;-7.31670;+72.40000
Dien Bien Phu;21.38;103.01
Dijon France;+47.35000;+5.03330
Dillingham HI;+21.58330;-158.20000
Dillon MT;+45.20000;-112.66700
Dillon SC;+34.40000;-79.46700
Diyarbakir Turkey;+37.90000;+40.20000
Djakarta Indonesia;-6.15000;+106.85000
Djibouti;+11.56670;+43.00000
Dodge City KS;+37.75470;-100.01900
Doha Qatar;+25.26700;+51.56700
Dortmund Germany;+51.52000;+7.60000
Dothan AL;+31.21700;-85.38300
Douala Cameroon;+4.01700;+9.71700
Dover AFB DE;+39.13330;-75.46670
Dover DE;+39.13330;-75.55000
Dover England;+51.13330;+1.31670
Dover FL;+27.96660;-82.25830
Dover NH;+43.19170;-70.88000
Downey CA;+33.93500;-118.12500
Dryden ON;+49.77000;-92.83000
Dubai U.A.E.;+25.30000;+55.43330
Dublin Ireland;+53.43300;-6.25000
Dubrovnik Croatia;+42.56400;+18.25100
Dubuque IA;+42.50330;-90.67500
Duluth MN;+46.78220;-92.10670
Dundalk MD;+39.26700;-76.51700
Dunedin New Zealand;-45.93330;+170.20000
Dunlap IA;+41.88300;-95.55000
Durango CO;+37.25000;-107.91700
Durham NC;+36.00000;-78.91250
Durham NC;+36.00000;-78.91250
Dusseldorf Germany;+51.28300;+6.75000
Dutch Harbor AK;+53.91000;-166.54000
E. Brunswick NJ;+40.44000;-74.42000
E. Lansing MI;+42.73500;-84.48330
E. Las Vegas NV;+36.09500;-115.04200
E. Los Angeles CA;+34.02000;-118.15300
E. St Louis IL;+38.62170;-90.15500
E. Stroudsburg PA;+41.08330;-75.21670
E. Wenatchee WA;+47.20340;-120.05300
Eagan MN;+44.83000;-93.22000
Eagle River AK;+61.32170;-149.56700
Eagle AK;+64.70000;-141.33300
East Boston MA;+42.34300;-71.05000
East Orange NJ;+40.76330;-74.21000
East Point GA;+33.67670;-84.44330
Eastampton NJ;+39.58000;-74.40000
Eatonton GA;+33.08300;-83.25000
Eau Claire WI;+44.81330;-91.49500
Edina MN;+44.88330;-93.35000
Edinburgh Scotland;+55.95000;-3.16670
Edmond OK;+35.65330;-97.48170
Edmonds WA;+47.48000;-122.22000
Edmonton AB;+53.50000;-113.50000
Edmundston NB;+47.43000;-68.41000
Edna TX;+28.98500;-96.68330
Edwards AFB CA;+34.90000;-117.86700
Efate Vanuatu;-17.98000;+168.70000
Effingham IL;+39.08300;-88.50000
Eielson AFB AK;+64.67000;-147.10000
El Cajon CA;+32.79500;-116.96000
El Dorado AR;+33.20670;-92.66670
El Mirage AZ;+33.58750;-112.33600
El Monte CA;+34.06670;-118.02500
El Paso TX;+31.76000;-106.48600
Eldorado IL;+37.83300;-88.50000
Eldridge IA;+41.61200;-90.59000
Elgin AFB FL;+30.28350;-86.29050
Elgin IL;+42.03830;-88.29000
Elizabeth City NC;+36.25000;-76.25000
Elizabeth NJ;+40.66190;-74.21640
Elizabethtown KY;+37.69000;-85.87000
Elk City OK;+35.38300;-99.38300
Elk Point SD;+42.68300;-96.73300
Elk River ID;+46.78300;-116.18300
Elkhart IN;+41.66700;-86.00000
Elkins WV;+38.91700;-79.83300
Elko NV;+40.83000;-115.76000
Ellsworth AFB SD;+44.15000;-103.13300
Elmira NY;+42.08300;-76.83300
Elsmere DE;+39.74000;-75.59000
Elverson PA;+40.15330;-75.86300
Elyria OH;+41.36500;-82.11000
Enfield CT;+41.91700;-72.58300
Englewood CO;+39.65330;-104.98500
Enid OK;+36.39500;-97.87500
Entebbe Uganda;+0.05000;+32.45000
Ephrata PA;+40.11000;-76.10000
Erding Germany;+48.32000;+11.93300
Erfurt Germany;+50.97500;+10.95800
Erie PA;+42.12080;-80.08250
Escondido CA;+33.11670;-117.08500
Esfahan Iran;+32.75000;+51.86400
Essex Junction VT;+44.48830;-73.11170
Euclid OH;+41.57000;-81.53670
Eudora AR;+33.11700;-91.26700
Eugene OR;+44.06667;-123.06700
Eugene OR;+44.05440;-123.09200
Eureka CA;+40.75000;-124.16700
Eureka NV;+39.55000;-115.96700
Eureka UT;+39.91700;-112.16700
Evanston IL;+42.04330;-87.67670
Evanston WY;+41.02750;-111.03100
Evansville IN;+37.97220;-87.57250
Everett WA;+47.98000;-122.20000
Evergreen CO;+39.64110;-105.41600
Ewa HI;+21.33500;-158.04300
Exeter NH;+42.96600;-70.92000
Fair Haven VT;+43.58300;-73.25000
Fairbanks AK;+64.80000;-147.85000
Fairfax MN;+44.48300;-94.73300
Fairfax SC;+32.48300;-81.21700
Fairfield CA;+38.25000;-122.04200
Fairfield CT;+41.14170;-73.26330
Fairmont WV;+39.48330;-80.14330
Faith SD;+45.03300;-102.03300
Falcon CO;+38.94780;-104.56100
Fall River MA;+41.70170;-71.15500
Fallon NV;+39.50000;-118.80000
Falmouth KY;+38.66700;-84.33300
Fargo ND;+46.87500;-96.78830
Farmington NM;+36.73330;-108.20300
Farnborough England;+51.28000;-0.76300
Fayetteville AR;+36.06670;-94.16000
Fayetteville NC;+35.05500;-78.87670
Ferriday LA;+31.63300;-91.55000
Finningley England;+53.46700;-1.00000
Fisher LA;+31.46700;-93.50000
Fitchburg MA;+42.58300;-71.80000
Flagstaff AZ;+35.19330;-111.65200
Flint MI;+43.02170;-83.68330
Florala AL;+31.01700;-86.31700
Florence AL;+34.76700;-87.66700
Florence SC;+34.19670;-79.76830
Florissant MO;+38.78790;-90.32160
Flower Mound TX;+33.03000;-97.07000
Folsom NM;+36.78300;-103.93300
Fond du Lac WI;+43.78300;-88.48300
Ford Island HI;+21.36806;-157.96300
Forrest City AR;+35.00000;-90.76700
Forsyth MT;+46.25000;-106.68300
Fort Collins CO;+40.58000;-105.08300
Fort Dodge IA;+42.51700;-94.16700
Fort Greely AK;+64.00000;-145.72000
Fort Lauderdale FL;+26.12000;-80.13670
Fort McMurray AB;+56.73000;-111.27000
Fort McPherson NWT;+67.43000;-134.85000
Fort Myers FL;+26.60000;-81.75000
Fort Nelson BC;+58.80000;-122.63000
Fort Payne AL;+34.43300;-85.68300
Fort Richardson AK;+61.26000;-149.65000
Fort Riley KS;+39.08300;-96.76700
Fort Salonga NY;+40.90000;-73.30770
Fort Scott KS;+37.83300;-94.71700
Fort Simpson NWT;+61.76000;-121.25000
Fort Smith AR;+35.38500;-94.41830
Fort Yukon AK;+66.50000;-145.00000
Fountain Valley CA;+33.70000;-117.96000
Framingham MA;+42.27330;-71.41500
Frankfort KY;+38.20000;-84.86170
Frankfurt Germany;+50.03300;+8.56700
Franklin NH;+43.41700;-71.66700
Franklin TN;+35.90000;-86.90000
Frederick MD;+39.41500;-77.41670
Fredericksburg VA;+38.33300;-77.50000
Fredericktown MO;+37.53300;-90.26700
Fredericton NB;+45.85000;-66.43000
Freehold NJ;+40.25000;-74.26700
Freeport Bahamas;+26.55000;-78.70000
Freiburg Germany;+48.03000;+7.83300
Fremont CA;+37.53500;-121.95700
Fremont NE;+41.44000;-96.49500
Fresno CA;+36.73670;-119.77000
Fruitland Park FL;+28.86170;-81.91470
Ft Myers FL;+26.65100;-81.75300
Ft Wayne IN;+41.07250;-85.14050
Ft Worth TX;+32.74860;-97.32890
Fukuoka Japan;+33.58330;+130.45000
Fullerton CA;+33.87500;-117.92500
Funchal Madeira Is;+32.69200;-16.77300
Furth (Mfr) Germany;+49.48300;+11.98300
Gadsden AL;+34.01580;-86.01140
Gaillac France;+43.90000;+1.86670
Gainesville FL;+29.70000;-82.25000
Gainesville GA;+34.26700;-83.80000
Gaithersburg MD;+39.14000;-77.19830
Galena AK;+64.74110;-156.95100
Gallup NM;+35.52500;-108.74200
Galveston TX;+29.30280;-94.79530
Gander Nfld;+48.93300;-54.56700
Garden City KS;+37.96700;-100.86700
Garden Grove CA;+33.77500;-117.91300
Garland TX;+32.90830;-96.63670
Garland UT;+41.75000;-112.16700
Garrison ND;+47.63300;-101.40000
Gars am Inn Germany;+48.14047;+12.22100
Gary IN;+41.60330;-87.33860
Gaspe PQ;+48.78000;-64.51000
Gassaway WV;+38.66700;-80.75000
Gastonia NC;+35.26500;-81.18170
Gdansk Poland;+54.33330;+18.66670
Geilenkirchen Germany;+50.96100;+6.03300
Geirangerfjord;62.1167;6.9833
Geneva Switz.;+46.23330;+6.06670
Genoa Italy;+44.41300;+8.85000
Georgetown DE;+38.66700;-75.33300
Georgetown Guyana;+6.48330;-58.26670
Gera Germany;+51.06700;+13.75000
Gibraltar;+36.15100;-5.34700
Gila Bend AZ;+32.98300;-112.68300
Gillette WY;+44.29330;-105.50200
Glasgow KY;+37.00000;-85.91700
Glasgow Scotland;+55.90000;-4.41660
Glendale AZ;+33.53830;-112.18200
Glendale CA;+34.14170;-118.24700
Glendora CA;+34.11670;-117.85000
Glenns Ferry ID;+42.96700;-115.35000
Glens Falls NY;+43.33300;-73.66700
Glens Falls NY;+43.80000;-74.08330
Glenwood Springs CO;+39.58300;-107.33300
Glenwood MN;+45.65000;-95.38300
Godthab Greenland;+64.20000;-51.68000
Goldfield NV;+37.70000;-117.25000
Goldsboro NC;+35.38300;-77.98300
Goldstone CA;+35.35000;-116.88300
Goose Bay Nfld.;+53.33000;-60.42000
Goose Creek SC;+32.77640;-79.93140
Gorham ME;+43.66670;-70.46670
Granada Hills CA;+34.18330;-118.50000
Grand Cayman Island;+19.30000;-81.36670
Grand Forks ND;+47.92000;-97.04500
Grand Island NE;+40.92170;-98.35330
Grand Junction CO;+39.08300;-108.58300
Grand Prairie TX;+32.74830;-96.99500
Grand Rapids MI;+42.96750;-85.67030
Grand Turk Island;+21.45000;-71.15000
Granger WY;+41.61700;-109.96700
Grangeville ID;+45.93300;-116.13300
Granite Falls MN;+44.76700;-95.56700
Grants Pass OR;+42.43300;-123.33300
Grass Valley CA;+39.15000;-121.03300
Great Falls MT;+47.50170;-111.28500
Great Falls SC;+34.53300;-80.88300
Greeley CO;+40.41830;-104.69300
Green Bay WI;+44.51330;-88.01390
Green River UT;+39.00000;-110.08300
Green River WY;+41.52670;-109.46800
Greenbelt MD;+39.00010;+76.85420
Greensboro NC;+36.07140;-79.79030
Greenville ME;+45.43300;-69.58300
Greenville MS;+33.40670;-91.06000
Greenville SC;+34.84720;-82.40030
Greenville TN;+36.13300;-82.83300
Greenwich Obs England;+51.46670;+0.00000
Greenwich CT;+41.02830;-73.62500
Greenwood MS;+33.51670;-90.18170
Greenwood SC;+34.19330;-82.16500
Grenoble France;+45.36000;+5.32000
Gresham OR;+45.50000;-122.43000
Grissom AFB IN;+40.65000;-86.15000
Groton SD;+45.41700;-98.06700
Groveton NH;+44.58300;-71.50000
Guantanamo Bay Cuba;+19.90000;-75.20000
Guatemala City;+14.58300;-90.53300
Guayaquil Ecuador;-2.26660;-79.88320
Guelph ON;+43.57000;-80.18000
Guernsey;+49.43000;-2.60300
Gulfport MS;+30.36780;-89.09330
Gulkana AK;+62.10000;-145.50000
Gutersloh Germany;+51.92100;+8.30400
Guthrie OK;+35.86700;-97.43300
Hagerstown MD;+39.64500;-77.72000
Haiku HI;+20.98330;-156.28300
Hailey ID;+43.51700;-114.31700
Haines AK;+59.25000;-135.46000
Halifax NS;+44.67000;-63.58000
Hamburg Germany;+53.56670;+10.03330
Hamden CT;+41.38500;-72.90330
Hamilton OH;+39.39970;-84.56300
Hamilton ON;+43.25000;-79.85000
Hammond IN;+41.63000;-87.50500
Hampton VA;+37.02500;-76.34170
Hana HI;+20.71700;-155.98300
Hancock MI;+47.13889;-88.62080
Hankinson ND;+46.06700;-96.90000
Hannah ND;+48.96700;-98.70000
Hannibal MO;+39.70000;-91.36700
Hannover Germany;+52.45000;+9.70000
Hao AB Fr. Polynesia;-17.99990;-141.00000
Harper Woods MI;+42.40000;-82.91700
Harpers Ferry WV;+39.33300;-77.75000
Harrington DE;+38.91700;-75.58300
Harrisburg PA;+40.26190;-76.88300
Harrisburg SD;+43.41670;-96.68330
Harrison AR;+36.21700;-93.10000
Harrisonburg VA;+38.50000;-78.83300
Hartford CT;+41.77000;-72.68030
Harvey ND;+47.76700;-99.91700
Hastings NE;+40.59000;-98.38670
Hat Yai Thailand;+6.93670;+100.40000
Hattiesburg MS;+31.32670;-89.28830
Hauula HI;+21.61700;-157.75000
Havana Cuba;+23.13330;-82.38320
Havre MT;+48.55000;-109.68500
Hawthorne CA;+33.91670;-118.35200
Hawthorne NV;+38.55000;-118.65000
Hayward CA;+37.66500;-122.07700
Hazard KY;+37.21700;-83.16700
Helena MT;+46.59250;-112.04000
Helgoland Germany;+54.18500;+7.90500
Helsinki Finland;+60.16660;+24.88330
Henderson KY;+37.83670;-87.58670
Henderson NV;+36.03670;-114.98000
Hendersonville TN;+36.30500;-86.62000
Herndon VA;+38.89750;-77.00920
Hialeah FL;+25.82830;-80.28330
Hickory NC;+35.71700;-81.35000
High Point NC;+35.95170;-80.00500
Highland Lakes NJ;+41.16110;-74.45360
Highmore SD;+44.50000;-99.43300
Hill City MN;+46.96700;-93.63300
Hillsboro ND;+47.38300;-97.08300
Hillsboro OR;+45.52000;-122.98700
Hilo HI;+19.72500;-155.09000
Hinton WV;+37.66700;-80.91700
Hobbs NM;+32.70000;-103.13200
Holbrook AZ;+34.91700;-110.25000
Hollis Hills NY;+40.73200;-73.76500
Holliston MA;+42.35000;-71.05000
Holly Springs MS;+34.75000;-89.46700
Hollywood CA;+34.12500;-118.33700
Hollywood FL;+26.01000;-80.15000
Holyoke MA;+42.20810;-72.61000
Homer AK;+59.65000;-151.52000
Hong Kong;+21.75000;+115.00000
Honiara Guadalcanal;-9.24990;+159.75000
Honington England;+52.33300;+0.76700
Honolulu HI;+21.30610;-157.86000
Hooker OK;+36.81700;-101.21700
Hooper Bay AK;+61.53300;-166.03300
Hopkinsville KY;+36.86170;-87.47170
Hot Springs Nat Pk AR;+34.50830;-93.05330
Houma LA;+29.60000;-90.71700
Houston TX;+29.75720;-95.36030
Humboldt NE;+40.16700;-95.95000
Huntington Beach CA;+33.66830;-118.08300
Huntington Station NY;+40.84300;-73.40100
Huntington WV;+38.42000;-82.44250
Huntsville AL;+34.73170;-86.58670
Hurley WI;+46.43300;-90.18300
Huron SD;+44.36000;-98.21830
Hutchinson KS;+38.08170;-97.92830
Hutchinson MN;+44.88300;-94.38300
Hyltebruk Sweden;+57.00000;+13.10000
Incirlik Turkey;+37.00130;+35.42500
Independence KS;+37.23300;-95.70000
Independence MO;+39.09330;-94.41670
Indianapolis IN;+39.76860;-86.16280
Ine Marshall Is;+7.01667;+171.48330
Inglewood CA;+33.96000;-118.35000
Innsbruck Austria;+47.26000;+11.34000
Inuvik NWT;+68.32000;-133.50000
Invercargill New Zeal;-46.41670;+168.31670
Iowa City IA;+41.66030;-91.53140
Ipswich Australia;-27.63330;+152.71670
Iqaluit NWT;+63.76000;-68.55000
Iron River MI;+46.15000;-88.65000
Irvine CA;+33.67500;-117.76000
Irving TX;+32.81330;-96.93670
Irvington NJ;+40.72670;-74.22500
Islamabad Pakistan;+33.61670;+73.10000
Isle of Man;+54.08000;-4.62800
Istanbul Turkey;+41.03330;+29.00000
Istrana Italy;+45.73700;+12.13400
Jackson MI;+42.24530;-84.40610
Jackson MS;+32.29890;-90.18500
Jackson TN;+35.61670;-88.81330
Jacksonville AR;+34.86500;-92.11170
Jacksonville FL;+30.32890;-81.66170
Jakarta Indonesia;-6.15000;+106.85000
Jaluit Marshall Is;+5.90667;+169.64170
Jamestown ND;+46.90500;-98.70500
Janesville WI;+42.68170;-89.02000
Janesville WI;+42.68170;-89.02000
Jasper AB;+53.00000;-118.05000
Jatiluhur Indonesia;-6.52130;+107.00000
Jeddah Saudia Arabia;+21.50000;+39.20000
Jefferson City MO;+38.51670;-92.21670
Jensen Beach FL;+27.25000;-80.25000
Jersey City NJ;+40.73050;-74.06560
Jerusalem Israel;+31.76670;+35.23330
Johannesburg S Africa;-26.13330;+27.90000
Johnson City TN;+36.31830;-82.35330
Johnston Atoll;+16.73330;-169.53300
Johnstown PA;+40.32640;-78.91750
Joliet IL;+41.52670;-88.08000
Jonesboro AR;+35.83670;-90.70670
Joplin MO;+37.09330;-94.51170
Julian CA;+33.00000;-116.58000
Juneau AK;+58.30330;-134.40800
Kabul Afghanistan;+34.56700;+69.21700
Kaena Point HI;+21.50000;-158.20000
Kahului HI;+20.88300;-156.46700
Kailua Kona HI;+19.81700;-155.98300
Kalamazoo MI;+42.29140;-85.58720
Kalapana HI;+19.41700;-155.00000
Kalaupapa HI;+21.21361;-156.97800
Kalispell MT;+48.19500;-114.31300
Kamloops BC;+50.70000;-120.45000
Kamuela HI;+20.01700;-155.66700
Kanab UT;+37.00000;-112.50000
Kaneohe Bay HI;+21.45500;-157.75600
Kankakee IL;+41.11700;-87.88300
Kannapolis NC;+35.50000;-80.63300
Kano Nigeria;+12.05000;+8.52500
Kansas City KS;+39.11780;-94.64000
Kansas City MO;+39.08220;-94.58890
Kapaa HI;+22.10000;-159.33300
Kapalua HI;+20.96610;-156.67700
Kapuskasing ON;+49.42000;-82.50000
Karachi Pakistan;+24.90000;+67.15000
Kassel Germany;+51.32400;+9.37200
Kathmandu Nepal;+27.81670;+85.35000
Kaunakakai HI;+21.10000;-156.98300
Keahole HI;+19.73560;-156.04900
Kearney NE;+40.69830;-99.08330
Keene NH;+42.93330;-71.28000
Keflavik Iceland;+64.00000;-22.61700
Kekaha HI;+21.95000;-159.70000
Kelso WA;+46.14861;-122.88100
Kenai AK;+60.55000;-151.26700
Kennebunk ME;+43.40000;-70.55000
Kenner LA;+29.98330;-90.24170
Kenora ON;+49.80000;-94.35000
Kenosha WI;+42.59530;-87.83640
Ketchikan AK;+55.34170;-131.64700
Kettering OH;+39.68670;-84.17000
Khania Greece;+35.53670;+24.15000
Khartoum Sudan;+15.56670;+32.60000
Kiel Germany;+54.31670;+10.13330
Kili Marshall Is;+5.65000;+169.11670
Kimball NE;+41.23300;-103.68300
King George VA;+38.20000;-77.02000
King Salmon AK;+58.68000;-156.65000
Kingman AZ;+35.16700;-114.08300
Kings Beach Australia;-26.80000;+153.10000
Kingsport TN;+36.54500;-82.54330
Kingston Jamaica;+18.00000;-76.74990
Kingston ON;+44.22000;-76.60000
Kinshasa Zaire;-4.38300;+15.45000
Kissimmee FL;+28.28300;-81.41700
Kit Carson CO;+38.76700;-102.80000
Kitchener ON;+43.25000;-80.33000
Klamath Falls OR;+42.21700;-121.81700
Knightdale NC;+35.79670;-78.43920
Knoxville TN;+35.96080;-83.91860
Kodiak AK;+57.78830;-152.40300
Kohala HI;+20.00440;-155.67100
Koko Head HI;+21.26830;-157.70600
Kokomo IN;+40.50000;-86.33300
Koln/Bonn AB Germany;+50.83670;+7.15000
Koloa HI;+21.89167;-159.45000
Kona HI;+19.65750;-156.02800
Korat Thailand;+14.93670;+102.08330
Kosrae Micronesia;+5.36750;+162.97640
Kota Kinabalu Malaysi;+5.93670;+116.05000
Kotzebue AK;+66.90000;-162.60000
Kuala Lumpur Malaysia;+3.13330;+101.70000
Kuching Malaysia;+1.48670;+110.33330
Kure Island;+28.38330;-178.30000
Kuwait City;+29.06670;+47.98330
Kwajalein Atoll;+9.00000;+167.60000
Kyoto Japan;+35.00000;+135.76670
L. Taghkanic St Pk.;+42.05000;-73.75000
La Crosse WI;+43.80000;-91.24500
La Grande OR;+45.33300;-118.10000
La Grange GA;+33.01700;-85.00000
La Mesa CA;+32.76830;-117.04200
La Paz Bolivia;-16.51700;-68.18300
La Rochelle France;+46.16670;-1.14990
La Verne CA;+34.08300;-117.78300
Laconia NH;+43.52670;-71.47000
Lafayette IN;+40.41970;-86.89420
Lafayette LA;+30.22500;-92.02000
Lagos Nigeria;+6.58300;+3.03300
Lahore Pakistan;+32.00000;+74.30000
Lahr Germany;+48.37000;+7.82600
Lajes Azores;+38.77000;-27.10000
Lake Charles LA;+30.22830;-93.21670
Lake City FL;+30.15000;-82.66700
Lake Oswego OR;+45.41700;-122.66700
Lake Villa IL;+42.33000;-88.07780
Lake Village AR;+33.33300;-91.28300
Lakeland FL;+28.00070;-81.56040
Lakewood CA;+33.95000;-118.13700
Lakewood CO;+39.74000;-105.07800
Lakewood CO;+39.74000;-105.07800
Lakewood OH;+41.48670;-81.80330
Lakota ND;+48.06700;-98.35000
Lamar CO;+38.06700;-102.73300
Lanai City HI;+20.83300;-156.93300
Lancaster NH;+44.41700;-71.50000
Lancaster PA;+40.04030;-76.30800
Lander WY;+42.83500;-108.73300
Lansing MI;+42.73360;-84.55420
LaPeer MI;+43.05970;-83.28530
Laramie WY;+41.31170;-105.58500
Laredo TX;+27.50610;-99.50830
Largo FL;+27.91830;-82.79000
Las Cruces NM;+32.31170;-106.77800
Las Palmas Canary Is;+27.93300;-15.38290
Las Vegas NV;+36.17220;-115.14400
Latham Australia;-35.35000;+149.17000
Laurel DE;+38.50000;-75.66700
Laurel MD;+39.10000;-76.85000
Laurel MS;+31.68830;-89.13330
Laval PQ;+45.49900;-73.60400
Lawrence KS;+38.96330;-95.23830
Lawrence MA;+42.70440;-71.16890
Lawton OK;+34.61170;-98.41170
Layton UT;+41.06170;-111.96300
Le Havre France;+49.51670;+0.11670
Learmonth Australia;-22.23670;+114.08330
Leavenworth KS;+39.31170;-94.91330
Leavenworth WA;+47.58300;-120.65000
Lebanon KY;+37.53300;-85.25000
Lebanon MO;+37.66700;-92.71700
Lebanon NH;+43.66700;-72.25000
Lechfeld AFB BY Germ;+48.18300;+10.84000
Leck Germany;+54.78900;+8.94200
Leeds England;+53.80000;-1.54990
Leipzig Germany;+51.40900;+12.22400
Lemmon SD;+45.91700;-102.16700
Leningrad Russia;+59.95000;+30.33330
Lethbridge AB;+49.62000;-112.78000
Lewes DE;+38.75000;-75.16700
Lewisburg WV;+37.83300;-80.33300
Lewiston ID;+46.41170;-117.02000
Lewiston ME;+44.09670;-70.21830
Lewiston NY;+43.16917;-79.00170
Lewistown MT;+47.08300;-109.41700
Lexington KY;+38.04720;-84.49610
Lhasa Tibet;+29.68330;+91.20000
Libreville Gabon;+0.60000;+9.30000
Lihue HI;+21.98000;-159.37500
Lima OH;+40.74300;-84.10550
Lima Peru;-12.09990;-76.91660
Lincoln Muni NE;+40.85080;-96.75890
Lincoln KS;+39.03300;-98.13300
Lincoln ME;+45.38300;-68.51700
Lincoln NE;+40.81640;-96.70420
Lindenhurst NY;+40.69720;-73.35690
Linz Austria;+48.23330;+14.19000
Lisbon ND;+46.35000;-97.71700
Lisbon Portugal;+38.70000;-9.08340
Little Rock AR;+34.74500;-92.27690
Littleton NH;+44.25000;-71.75000
Liverpool England;+53.41670;-2.86660
Livingston AL;+32.58300;-88.15000
Livingston MT;+45.66330;-110.56300
Livonia MI;+42.38330;-83.37500
Lockwood Valley CA;+34.44590;-119.05300
Logan UT;+41.74000;-111.82800
Lolo MT;+46.75000;-114.08300
Lompoc CA;+34.68000;-120.45000
London England;+51.50000;-0.11670
London ON;+43.00000;-81.25000
Long Beach CA;+33.77060;-118.18800
Longview TX;+32.49170;-94.73330
Longview WA;+46.10550;-123.00600
Lorain OH;+41.46800;-82.18030
Lordsburg NM;+32.33300;-108.75000
Los Alamos NM;+35.88300;-106.33300
Los Altos Hills CA;+37.34398;-122.12500
Los Angeles CA;+34.05420;-118.24100
Louisville GA;+32.98640;-82.38580
Louisville KY;+38.24640;-85.76360
Louisville KY;+38.24639;-85.76360
Louisville KY;+38.25000;-85.76670
Loveland CO;+40.21000;-105.06000
Lovelock NV;+40.16700;-118.61700
Lowell MA;+42.64030;-71.32050
Lubbock TX;+33.58470;-101.84300
Ludwigshafen Germany;+49.48500;+8.38300
Lusaka Zambia;-15.33300;+28.45000
Luxembourg City;+49.61700;+6.20000
Lynchburg VA;+37.41500;-79.14330
Lynden WA;+48.93300;-122.45000
Lynn Haven FL;+30.24750;-85.67190
Lynn MA;+42.46330;-70.94830
Lyon France;+45.73330;+4.86670
Macao;+22.00000;+113.00000
Machu Picchu;-13.1631;-72.5456 
Mackay ID;+43.91700;-113.63300
Macon GA;+32.83670;-83.62670
Madelia MN;+44.05000;-94.38300
Madison AL;+34.69180;-86.76140
Madison SD;+44.00670;-97.11330
Madison WI;+43.06667;-89.36670
Madison WI;+43.07300;-89.38190
Madras India;+13.00000;+80.18300
Madrid Spain;+40.43330;-3.70000
Magdalena NM;+34.16700;-107.75000
Magnolia AR;+33.26250;-93.23470
Maiquetia Venezuela;+10.60000;-66.98330
Majuro Marshall Is;+7.06333;+171.26970
Malden MA;+42.42330;-71.06670
Male Maldive Is;+4.00000;+73.00000
Maloelap Marshall Is;+8.70830;+171.23330
Malone NY;+44.83300;-74.33300
Malta;+35.86700;+14.48300
Managua Nicaragua;+12.16670;-86.26660
Manaus Brazil;-3.03330;-60.05000
Manchester CT;+41.78330;-72.52330
Manchester England;+53.46670;-2.23320
Manchester NH;+42.99110;-71.46140
Mandalay Myanmar;+22.00000;+96.13330
Mandan ND;+46.82670;-100.89500
Mangum OK;+34.90000;-99.51700
Manhattan Beach CA;+33.89742;-118.39600
Manhattan Beach CA;+33.87200;-118.39800
Manhattan KS;+39.18330;-96.57500
Manila Philippines;+14.61670;+121.00000
Manitowoc WI;+44.08300;-87.70000
Mannheim Germany;+49.47100;+8.50000
Mansfield OH;+40.75670;-82.51670
Manton CA;+40.45500;-121.77300
Mantorville MN;+44.05000;-92.45000
Marietta GA;+33.95000;-84.54670
Marion VA;+36.80000;-81.55000
Marlton NJ;+39.88300;-74.91700
Marquette MI;+46.53300;-87.41700
Marseille France;+43.30000;+5.41670
Marshall TX;+32.55000;-94.38330
Martinsburg WV;+39.50000;-78.00000
Martinsville VA;+36.66700;-79.88300
Mashpee MA;+42.50220;-70.51280
Mason City IA;+43.13300;-93.23300
Mauldin SC;+34.79800;-82.29900
Mayaguez PR;+18.25000;-67.15000
Maysville KY;+38.58300;-83.75000
McAlester OK;+34.91700;-95.75000
McAllen TX;+26.20330;-98.23000
McAllen TX;+26.20330;-98.23000
McCook NE;+40.21700;-100.61700
McGill NV;+39.41700;-114.78300
McGrath AK;+62.90000;-155.60000
McKeesport PA;+40.35000;-79.85000
McNary AZ;+34.16700;-109.91700
McNary LA;+30.96700;-92.53300
Medford MA;+42.41830;-71.10670
Medford OR;+42.32330;-122.86700
Medicine Hat AB;+50.03000;-110.73000
Melbourne Australia;-37.86660;+145.13330
Melbourne FL;+28.08300;-80.61700
Melksham England;+51.22000;+2.08000
Melrose Park IL;+41.88000;-87.64000
Memphis TN;+35.14610;-90.05360
Mena AR;+34.58300;-94.15000
Meredith NH;+43.58300;-71.58300
Meriden CT;+41.53500;-72.79170
Meridian MS;+32.36670;-88.70000
Meridianville AL;+34.76670;-86.55000
Merrimack NH;+42.81830;-70.81170
Merritt Island FL;+28.38000;-80.70000
Mesa AZ;+33.41500;-111.82800
Mesquite TX;+32.76500;-96.59670
Metairie LA;+30.00000;-90.18300
Mexico City Mexico;+19.46670;-99.14990
Mexico MO;+39.16670;-91.83330
Miami Beach FL;+25.78830;-80.13000
Miami FL;+25.77690;-80.19220
Midas NV;+41.25000;-116.83300
Middlebury VT;+44.00000;-73.16700
Middletown DE;+39.50000;-75.66700
Midland TX;+31.99500;-102.07800
Midway Island;+28.20000;-177.38300
Midwest City OK;+35.45000;-97.39170
Milano Italy;+45.48330;+9.20000
Milbank SD;+45.21700;-96.63300
Milford CT;+41.22500;-73.06000
Milford DE;+38.91700;-75.41700
Milford NH;+42.81820;-71.72090
Milford UT;+38.33300;-113.08300
Mili Marshall Is;+6.08330;+171.73330
Milledgeville GA;+33.08300;-83.25000
Miller SD;+44.51700;-99.00000
Millinocket ME;+45.66700;-68.73300
Millville NJ;+39.36830;-75.07490
Milpitas CA;+37.37670;-122.03300
Milwaukee WI;+43.03860;-87.90420
Mine Hill NJ;+40.87500;-74.61300
Minneapolis MN;+44.98250;-93.26190
Minnetonka MN;+44.94000;-93.44330
Minot ND;+48.23830;-101.29700
Miquelon Is;+47.10000;-56.40000
Miramar NAS CA;+32.86670;-117.15000
Miramar FL;+26.01000;-80.15000
Mishawaka IN;+41.71280;-86.18460
Mississauga ON;+43.59000;-79.46000
Missoula MT;+46.86170;-114.00800
Mitchell SD;+43.54330;-98.02500
Mobile AL;+30.69330;-88.04250
Mobridge SD;+45.53300;-100.43300
Modesto CA;+37.64330;-121.00200
Moenkopi AZ;+36.11700;-111.21700
Moline IL;+41.50860;-90.51360
Molokai HI;+21.15611;-157.09900
Monaco;+43.71670;+7.78330
Moncton NB;+46.11000;-64.67000
Monroe LA;+32.50000;-92.11670
Monrovia Liberia;+6.25000;-10.35000
Mont-Joli PQ;+48.60000;-68.22000
Montebello CA;+34.00000;-118.10000
Montego Bay Jamaica;+18.50000;-77.91670
Monterey Park CA;+34.06170;-118.12700
Monterey CA;+36.60000;-121.88300
Montevideo Uruguay;-34.83320;-56.16660
Montgomery AL;+32.37580;-86.30860
Monticello IN;+40.08300;-88.58300
Monticello ME;+46.31700;-67.88300
Monticello UT;+37.91700;-109.41700
Montour Falls NY;+42.34000;-76.79000
Montpelier IN;+40.58300;-85.33300
Montpelier VT;+44.26000;-72.57800
Montpellier France;+43.63330;+3.88330
Montreal PQ;+45.50000;-73.58000
Moore OK;+35.33670;-97.48830
Moose Jaw Sask.;+50.37000;-105.53000
Morehead KY;+38.16700;-83.41700
Morgan City LA;+29.69830;-91.20670
Morgantown WV;+39.63170;-79.95330
Moron AB Spain;+37.18330;-5.61330
Morristown NJ;+40.80000;-74.48300
Morristown TN;+36.16700;-83.30000
Morrow GA;+33.59000;-84.32800
Moscow ID;+46.73330;-117.00000
Moscow Russia;+55.75000;+37.61670
Moses Lake WA;+47.13300;-119.25000
Mount Erebus Antarcti;-77.45700;+167.08000
Mount Everest;27.9881;86.9253
Mount Hopkins AZ;+31.68880;-110.88400
Mount Vernon NY;+40.91000;-73.82500
Mountain Brook AL;+33.49830;-86.75330
Mountain Home AFB ID;+43.05000;-115.86700
Mountain View CA;+37.38830;-122.08000
Mountain View MO;+36.98300;-91.76700
Muncie IN;+40.19110;-85.38780
Muncy PA;+41.24220;-75.88800
Munich Germany;+48.13330;+11.58330
Murfreesboro TN;+35.84830;-86.39170
Murray UT;+40.66000;-111.88700
Muskegon MI;+43.25000;-86.33300
Muskogee OK;+35.74500;-95.36670
Myrtle Beach SC;+33.70000;-78.88300
N'djamina Chad;+12.14000;+15.04000
N Bellmore NY;+40.69240;-73.54870
N Cape May NJ;+39.00000;-74.56000
N Charleston SC;+32.88500;-80.00000
N Hollywood CA;+34.13330;-118.41700
N Las Vegas NV;+36.20330;-115.11200
N Little Rock AR;+34.75500;-92.26670
Naalehu HI;+19.00000;-155.58300
Nagasaki Japan;+32.91670;+129.91670
Nagoya Japan;+35.25000;+136.91670
Nagpur India;+21.08330;+79.05000
Nairobi Kenya;-1.28320;+36.81670
Namorik Marshall Is;+5.63167;+168.12500
Nampa ID;+43.57330;-116.56200
Nandi Fiji;-17.75000;+177.45000
Napa CA;+38.30000;-122.29000
Naperville IL;+41.75000;-88.16670
Naples FL;+26.11700;-81.76700
Naples Italy;+40.61670;+14.20000
Nashua NH;+42.78300;-71.38300
Nashville TN;+36.15920;-86.78190
Nassau Bahamas;+25.05000;-77.46700
Natal Brazil;-5.30000;-35.80000
Natchez MS;+31.56330;-91.39170
Needles CA;+34.85000;-114.65000
Nellis AFB NV;+36.28800;-115.11900
Nenana AK;+64.57000;-149.07000
Neponsit NY;+43.56700;-73.86700
Nevada MO;+37.81700;-94.35000
New Albany IN;+38.28300;-85.81700
New Bedford MA;+41.63690;-70.92810
New Britian CT;+41.66890;-72.78310
New Brunswick NJ;+40.48300;-74.45000
New Carrollton MD;+38.92000;-77.06750
New Castle Australia;-32.80000;+151.83330
New Castle DE;+39.66330;-75.56170
New Castle IN;+39.91700;-85.41700
New Castle PA;+41.00000;-80.41700
New Delhi India;+28.90000;+77.21670
New Hampton IA;+43.05000;-92.33300
New Hartford CT;+41.87500;-73.04170
New Haven CT;+41.30690;-72.92500
New Iberia LA;+30.01170;-91.82330
New London CT;+41.33300;-72.08300
New Meadows ID;+44.96700;-116.33300
New Orleans LA;+29.94800;-90.06940
New Rochelle NY;+40.90830;-73.78170
New Rockford ND;+47.66700;-99.13300
New Washoe City CA;+39.31360;-119.78600
New York NY;+40.75170;-73.99420
Newark DE;+39.68330;-75.75830
Newark NJ;+40.73720;-74.17190
Newcastle England;+53.01670;-2.23320
Newell SD;+44.71700;-103.43300
Newport Beach CA;+33.62000;-117.92700
Newport News VA;+36.97670;-76.41830
Newport KY;+39.08830;-84.49500
Newport NH;+43.33300;-72.16700
Newport OR;+44.65000;-124.03300
Newport RI;+41.48170;-71.31670
Newport VT;+44.91700;-72.25000
Newton MA;+42.34830;-71.19000
Newton NJ;+41.05000;-74.75000
Niagara Falls NY;+43.09280;-79.05720
Nice France;+43.70000;+7.35000
Nicosia Cyprus;+35.15000;+33.28300
Nitro WV;+38.41700;-81.83300
Nogales AZ;+31.33300;-110.91700
Nome AK;+64.50000;-165.41700
Norco CA;+33.91833;-117.52800
Norfolk NE;+42.02830;-97.41670
Norfolk VA;+36.85280;-76.28920
Norman OK;+35.21670;-97.44000
North Bay ON;+46.32000;-79.46000
North Olmstead OH;+41.35000;-81.96670
North Platte NE;+41.13830;-100.76200
Northfield MN;+44.46700;-93.18300
Northport WA;+48.88300;-117.78300
Northrop Strip NM;+32.70000;-106.33000
Northway AK;+62.97000;-141.93000
Norton KS;+39.66700;-99.90000
Norton VA;+36.90000;-82.60000
Norwalk CA;+33.90170;-118.08000
Norwalk CT;+41.12330;-73.36500
Norway ME;+44.18300;-70.58300
Nottingham England;+52.96670;-1.14990
Nouan France;+47.50430;+2.00280
Noumea New Caledonia;-22.30000;+166.80000
Novi MI;+42.47500;-83.52500
Nurnberg BY Germany;+49.45000;+11.09900
Oak Park IL;+41.90000;-87.78320
Oak Ridge TN;+36.01170;-84.26670
Oakfield ME;+46.13300;-68.16700
Oakland CA;+37.80080;-122.26500
Oakley KS;+39.13300;-100.81700
Oberlin OH;+41.26420;-82.25670
Oberpfaffenhofen Germ;+48.07500;+11.28300
Ocala FL;+29.18300;-82.15000
Ocean City MD;+38.33300;-75.16700
Ocean Grove NJ;+40.16700;-74.00000
Oceanside CA;+33.19830;-117.37700
Odessa TX;+31.85830;-102.37500
Ogallala NE;+41.13300;-101.73300
Ogden UT;+41.22530;-111.97300
Ohakea New Zealand;-40.20000;+175.38330
Okinawa Japan;+26.35000;+127.76670
Oklahoma City OK;+35.47390;-97.51780
Olathe KS;+38.88500;-94.82170
Oldendorf Germany;+52.29420;+8.54360
Olean NY;+42.08300;-78.41700
Olympia WA;+47.03330;-122.96700
Omaha NE;+41.26170;-95.93720
Ontario CA;+34.06170;-117.65000
Oostende Belgium;+51.13000;+2.55000
Opelika AL;+32.64830;-85.38500
Opheim MT;+48.85000;-106.31700
Oran Algeria;+35.76670;-0.74990
Orange Park FL;+30.11000;-81.44000
Orange Park FL;+30.15860;-81.73300
Orange CA;+33.78670;-117.85000
Orange CT;+41.25000;-73.00000
Orangeburg SC;+33.50000;-80.83300
Orem UT;+40.31170;-111.70000
Orlando FL;+28.54500;-81.37720
Orleans France;+47.91670;+1.93330
Osaka Japan;+34.78300;+135.45000
Osborne KS;+39.41700;-98.70000
Oshkosh WI;+44.02170;-88.54500
Oslo Norway;+59.93330;+10.68330
Ottawa ON;+45.42000;-75.67000
Ottumwa IA;+41.00000;-92.43300
Overland Park KS;+38.97000;-94.66670
Owensboro KY;+37.76830;-87.11330
Oxford MS;+34.36700;-89.50000
Oxford NC;+36.28300;-78.58300
Oxnard CA;+34.20500;-119.17500
Ozark AR;+35.48300;-93.81700
Paauilo HI;+20.05000;-155.41700
Pacific Beach CA;+32.73330;-117.16700
Pacific MO;+38.47000;-90.76500
Paducah KY;+37.08690;-88.59890
Pagan Island;+18.12444;+145.76860
Pago Pago Samoa;-14.33300;-170.71700
Palembang Indonesia;-2.90000;+104.70000
Palermo Italy;38.1;13.400
Palm City FL;+27.11000;-80.11000
Palmdale CA;+34.99590;-118.11700
Palmer AK;+61.60000;-149.10000
Palo Alto CA;+37.44170;-122.16300
Panama City FL;+30.13300;-85.65000
Panama City Panama;+9.06700;-79.38300
Papeete Tahiti;-17.56700;-149.61700
Paradise NV;+36.10000;-115.11700
Paris France;+48.85000;+2.33330
Paris IL;+39.58300;-87.66700
Park Rapids MN;+46.88300;-95.08300
Park View NM;+36.75000;-106.50000
Parkersburg WV;+39.26670;-81.55830
Parma OH;+41.38500;-81.71170
Parsons WV;+39.08300;-79.66700
Pasadena CA;+34.14560;-118.14500
Pasadena TX;+29.71330;-95.21170
Pascagoula MS;+30.35330;-88.54670
Paterson NJ;+40.91690;-74.17250
Pawtucket RI;+41.87830;-71.38330
Peace River AB;+56.23000;-117.40000
Pearce Australia;-31.66670;+116.01670
Pembina ND;+48.96700;-97.25000
Penang Malaysia;+5.30000;+100.28330
Pendleton OR;+45.68300;-118.78300
Pensacola FL;+30.41420;-87.21550
Peoria IL;+40.69500;-89.59250
Perth Amboy NJ;+40.51700;-74.26700
Perth Australia;-31.83320;+116.16670
Peru IL;+41.33300;-89.16700
Peshawar Pakistan;+34.00000;+71.51330
Petersburg AK;+56.81000;-132.95000
Petersburg VA;+37.20000;-77.50000
Phenix City AL;+32.46330;-85.00330
Philadelphia PA;+39.94940;-75.15580
Philip SD;+44.05000;-101.58300
Phoenix AZ;+33.45330;-112.07400
Phuket Thailand;+8.11670;+98.31670
Picayune MS;+30.52500;-89.67830
Pico Rivera CA;+34.00000;-118.08300
Pierce NE;+42.18300;-97.55000
Pierre SD;+44.37170;-100.34800
Pilot Hill CA;+38.82783;-120.97800
Pine Bluff AR;+34.22330;-92.01670
Pine City MN;+45.83300;-93.01700
Pitcairn Island;-25.06660;-130.08300
Pittsburgh PA;+40.43860;-80.00000
Pittsfield MA;+42.44800;-73.25390
Placerville CA;+38.70970;-120.68300
Plainfield NJ;+40.63300;-74.41700
Plaisance Mauritius;-20.43330;+57.70000
Plano TX;+33.02000;-96.70000
Plattsburgh AFB NY;+44.65000;-73.46670
Plattsburgh NY;+44.66700;-73.50000
Plymouth MA;+42.00000;-70.75000
Plymouth MN;+44.98250;-93.26190
Plymouth NH;+43.83300;-71.66700
Pocatello ID;+42.87330;-112.45000
Pocomoke City MD;+38.08300;-75.58300
Pohnpei Micronesia;+6.98472;+158.21530
Point Hope AK;+68.30000;-166.63300
Polson MT;+47.66700;-114.16700
Pomona CA;+34.06170;-117.75000
Pompano Beach FL;+26.23330;-80.12500
Ponca City OK;+36.70700;-97.00920
Ponca City OK;+36.70700;-97.00920
Ponce PR;+18.01670;-66.56670
Pontiac MI;+42.63670;-83.29170
Poplar Bluff MO;+36.71700;-90.36700
Poplar MT;+48.13300;-105.16700
Port Allen HI;+21.90000;-159.60600
Port Arthur TX;+29.87500;-93.93750
Port Huron MI;+43.00000;-82.50000
Port Moresby Papua;-9.45000;+147.21670
Port of Spain Trinida;+10.60000;-61.35000
Port Salerno FL;+27.20000;-80.20000
Port Sulphur LA;+29.46700;-89.68300
Port-au-Prince Haiti;+18.58330;-72.33320
Portland ME;+43.65920;-70.25530
Portland OR;+45.51830;-122.67600
Portsmouth England;+50.75000;-1.04990
Portsmouth NH;+43.07500;-70.75670
Portsmouth OH;+38.75000;-83.00000
Portsmouth VA;+36.83530;-76.30390
Potomac MD;+39.03888;-77.17500
Pottstown PA;+40.25000;-75.66700
Poughkeepsie NY;+41.75000;-73.91700
Prague Czech Rep.;+50.08330;+14.43330
Pratt KS;+37.38550;-98.43560
Prescott AZ;+34.54670;-112.47200
Preston ID;+42.08300;-111.90000
Pretoria S. Africa;-25.85000;+28.00000
Primghar IA;+43.05000;-95.35000
Prince Albert SK;+55.39670;-111.12500
Prince George BC;+53.92000;-122.69000
Prince Rupert BC;+54.31000;-130.38000
Princeton MO;+40.38300;-93.56700
Princeton NJ;+40.35000;-74.66700
Princeton WV;+37.35000;-81.08300
Proctor VT;+43.66700;-73.00000
Prosser WA;+46.12000;-119.46000
Providence RI;+41.82550;-71.41140
Provo UT;+40.23500;-111.65700
Prudhoe Bay AK;+70.27000;-148.34000
Pueblo CO;+38.27140;-104.60900
Puerto Montt Chile;-41.43330;-73.10000
Puerto Real PR;+18.34170;-65.62140
Putnam CT;+41.91700;-71.91700
Puyallup WA;+47.12607;-122.25900
Puyallup WA;+47.27750;-122.51100
Quakertown PA;+40.46530;-75.37220
Quebec PQ;+46.75000;-71.17000
Quincy MA;+42.25170;-71.00170
Quito Ecuador;-0.13300;-78.48300
Raanana Israel;+32.18330;+34.87500
Rabat Morocco;+34.05000;-6.75000
Racine WI;+42.73030;-87.78670
Raleigh NC;+35.77720;-78.63920
Ramstein AB Germany;+49.43300;+7.60000
Rancho Palos Verdes CA;+33.76750;-118.40300
Randolph VT;+43.91700;-72.66700
Rangeley ME;+45.00000;-70.41700
Rangoon Myanmar;+16.76670;+96.15000
Rapid City SD;+44.08000;-103.22800
Rawalpindi Pakistan;+33.61700;+73.10000
Rawlins WY;+41.79000;-107.23800
Reading PA;+40.33580;-75.92780
Recife Brazil;-8.13300;-34.93300
Redding CA;+40.60000;-122.41700
Redondo Beach CA;+33.82670;-118.38700
Redwood City CA;+37.46670;-122.25000
Regensburg Germany;+49.12000;+49.02700
Regina SK;+50.50000;-104.50000
Reims France;+49.26670;+4.00000
Rennes France;+48.11670;-1.03320
Reno NV;+39.52420;-119.81100
Reseda CA;+34.20000;-118.53300
Rexburg ID;+43.82330;-111.78500
Reykjavik Iceland;+64.15000;-21.90000
Rhinelander WI;+45.65000;-89.41700
Richardson TX;+32.95330;-96.72500
Richland WA;+46.28300;-119.31700
Richmond Australia;-33.60000;+150.78330
Richmond CA;+37.93670;-122.34700
Richmond KY;+37.75000;-84.33300
Richmond UT;+41.91700;-111.83300
Richmond VA;+37.53750;-77.43580
Rifle CO;+39.58300;-107.83300
Rio de Janeiro Brazil;-22.45000;-42.71700
Riverside CA;+33.98000;-117.36500
Riverton WY;+43.02500;-108.38500
Riyadh Saudi Arabia;+24.51670;+46.78330
Roanoke VA;+37.27030;-79.94550
Robinson IL;+39.83300;-87.80000
Rochdale Lanc England;+53.60000;+2.10000
Rochester Hills MI;+42.68330;-83.13330
Rochester MN;+44.02250;-92.46750
Rochester NH;+43.30330;-70.97500
Rochester NY;+43.16140;-77.60580
Rock Hill SC;+34.92830;-81.02330
Rock Springs WY;+41.58500;-109.22500
Rockford IL;+42.26860;-89.09670
Rockland ME;+44.09170;-69.10420
Rockport MO;+40.41700;-95.50000
Rockville MD;+39.08000;-77.10000
Rockville MD;+39.08330;-77.14330
Rockwood ME;+45.65000;-69.75000
Rocky Mount NC;+35.91700;-77.78300
Rogers AR;+36.28000;-94.28000
Rome Italy;+41.86670;+12.61670
Roosevelt Roads PR;+18.25000;-65.63330
Rosemead CA;+34.07000;-118.09000
Roseville CA;+38.58250;-121.49500
Roseville MI;+42.50330;-82.93670
Rostock Germany;+54.08300;+12.13300
Roswell GA;+34.03300;-84.35000
Roswell NM;+33.39500;-104.52700
Rota Island;+14.17333;+145.23890
Rotterdam Netherlands;+51.91670;+4.45000
Rouen France;+49.41670;+1.08330
Roundup MT;+46.41700;-108.58300
Rowland Heights CA;+34.00000;-117.87500
Royal Oak MI;+42.50670;-83.14670
Ruby AK;+64.63300;-155.36700
Rugby ND;+48.36700;-100.00000
Rumford RI;+41.82000;-71.41000
Russell KS;+38.85000;-98.85000
Ruston LA;+32.52500;-92.63830
Rutland VT;+43.60830;-72.97170
S. Portland ME;+43.63500;-70.25000
Saco ME;+43.50000;-70.44330
Sacramento CA;+38.66000;-121.32000
Sacramento CA;+38.58250;-121.49500
Saginaw MI;+43.43110;-83.93470
Saginaw TX;+32.51300;-97.22000
Saipan Island;+15.12030;+145.73030
Sale Australia;-38.10000;+147.15000
Salem MA;+42.51700;-70.90000
Salem NH;+42.70000;-71.25000
Salem OR;+44.94000;-123.03300
Salem WV;+39.25000;-80.58300
Salina KS;+38.83500;-97.60830
Salina UT;+39.00000;-111.91700
Salinas CA;+36.67000;-121.65200
Salisbury MD;+38.33300;-75.66700
Sallisaw OK;+35.45000;-94.80000
Salmon ID;+45.50000;-115.75000
Salt Lake City UT;+40.75640;-111.89100
Salton City CA;+33.24000;-115.95000
Salzburg Austria;+47.78000;+13.00000
Samarrah Iraq;+34.20000;+43.90500
San Angelo TX;+31.46080;-100.43400
San Antonio TX;+29.42690;-98.48500
San Bernardino CA;+34.10830;-117.29100
San Diego CA;+32.71470;-117.15600
San Francisco CA;+37.77750;-122.4
San Jose CA;+37.33780;-121.89000
San Jose Costa Rica;+9.95000;-84.08320
San Juan PR;+18.45000;-66.00000
San Leandro CA;+37.72500;-122.15500
San Mateo CA;+37.56330;-122.32300
San Pedro CA;+33.73330;-118.28300
San Salvador El Salv.;+13.70000;-89.11700
Sanders AZ;+35.21700;-109.33300
Sandersville GA;+33.00000;-82.46000
Sandhurst Surry ENG;+51.34667;-0.80500
Sandpoint ID;+48.28300;-116.56700
Sanford ME;+43.44170;-70.77670
Santa Ana CA;+33.76330;-117.86500
Santa Barbara CA;+34.42170;-119.69900
Santa Clara CA;+37.34500;-121.94700
Santa Cruz Bolivia;-17.65000;-63.13330
Santa Fe NM;+35.68640;-105.93600
Santa Maria CA;+34.89890;-120.45600
Santa Monica CA;+34.01330;-118.48500
Santa Rosa CA;+38.44000;-122.71500
Santa Rosa NM;+34.91700;-104.68300
Santiago Chile;-33.43320;-70.66660
Santo Domingo Dom. Re;+18.43670;-69.66690
Sao Paulo Brazil;-23.56660;-46.63320
Sapporo Japan;+43.11700;+141.38300
Sarajevo Bosnia;+43.83200;+18.33500
Sarasota FL;+27.33670;-82.53170
Sargent NE;+41.66700;-99.63300
Saskatoon Sask.;+52.15000;-106.60000
Sault Ste. Marie MI;+46.48300;-84.35000
Savannah GA;+32.07830;-81.09360
Scarborough ON;+43.67000;-79.37000
Schaumburg IL;+42.04000;-88.08000
Schenectady NY;+42.81170;-73.92830
Schuyler NE;+41.46700;-97.08300
Scottsdale AZ;+33.48830;-111.92700
Scranton PA;+41.40890;-75.66280
Seabrook TX;+29.56370;-95.02560
Seaford DE;+38.64170;-75.61170
Seal Beach CA;+33.77500;-117.99300
Seattle WA;+47.60890;-122.33700
Sebastian FL;+27.84000;-80.49710
Selma AL;+32.41670;-87.02330
Selter Germany;+50.36920;+8.26640
Seoul S. Korea;+37.58330;+127.05000
Sept-Iles PQ;+50.22000;-66.31000
Seville Spain;+37.41700;-5.90000
Seward AK;+60.10000;-149.45000
Seychelles Is;-5.00000;+55.0000
Seymour TN;+35.88330;-83.71660
Shanghai China;+31.23300;+121.45000
Shannon Ireland;+52.70000;-8.91700
Shawnee KS;+39.01330;-94.71500
Sheboygan WI;+43.76000;-87.74830
Sheffield England;+53.38330;-1.46660
Shelby OH;+40.88170;-82.66170
Shelbyville TN;+35.50000;-86.46700
Sheldon IA;+43.16700;-95.83300
Shell Beach CA;+35.15522;-120.67200
Shemya AK;+52.71000;+174.12000
Sherbrooke PQ;+45.40000;-71.77000
Sheridan WY;+44.79670;-106.96200
Shiraz Iran;+29.54000;+52.59000
Shoshone ID;+42.93300;-114.40000
Shreveport LA;+32.51280;-93.74940
Shungnak AK;+66.91700;-157.33300
Sibu Malaysia;+2.35000;+111.83330
Sigonella Sicily;+37.40000;+14.92500
Silver Spring MD;+39.00000;-77.00000
Simi Valley CA;+34.26830;-118.77800
Singapore;+1.36670;+103.75000
Sioux City IA;+42.49610;-96.40830
Sioux Falls SD;+43.54300;-96.72640
Sioux Lookout ON;+50.07000;-91.92000
Sioux Narrows ON;+49.40000;-94.00000
Sitka AK;+57.05000;-135.36000
Sittwe Myanmar;+20.13330;+92.88330
Skokie IL;+42.04330;-87.74670
Slidell LA;+30.27500;-89.80170
Smyrna DE;+39.30280;-75.60670
Soda Springs ID;+42.65000;-111.61700
Soeborg Denmark;+55.42000;+12.35000
Sofia Bulgaria;+42.71670;+23.33330
Somerset KY;+37.04000;-84.36000
Somerset NJ;+40.51000;-74.56000
Somerville MA;+42.35670;-71.05690
Somerville MA;+42.38750;-71.10190
Somerville NJ;+40.56700;-74.61700
Sondrestrom Gnld.;+67.02000;-50.72000
Sonoma CA;+38.29830;-122.51300
South Bend IN;+41.67580;-86.25030
South Gate CA;+33.95500;-118.20500
South Kauai VORTAC HI;+21.90361;-159.53200
Southampton England;+50.90000;-1.49990
Southampton NY;+40.88300;-72.40000
Southfield MI;+42.47500;-83.27670
Southington CT;+41.63030;-72.87070
Sparks NV;+39.53830;-119.75300
Spartanburg SC;+34.95080;-81.93500
Spenard AK;+61.18830;-149.91700
Spencer IA;+43.15000;-95.13300
Spokane WA;+47.65890;-117.42600
Springdale AR;+36.16700;-94.11700
Springfield IL;+39.79940;-89.64750
Springfield MA;+42.10580;-72.59220
Springfield MO;+37.21750;-93.29220
Springfield OH;+39.92720;-83.80800
Springfield OR;+44.05000;-123.02000
Springfield VT;+43.29670;-72.48170
St-Hubert Quebec;+45.50000;-73.58000
St Albans VT;+44.83300;-73.08300
St Catherines ON;+43.10000;-79.12000
St Charles MO;+38.78670;-90.48000
St Clair Shores MI;+42.49670;-82.88670
St Cloud MN;+45.56670;-94.17330
St Croix VI;+17.70000;-64.80000
St George UT;+37.08300;-113.66700
St John's Nfld.;+47.08000;-52.71000
St John NB;+45.34000;-65.96000
St Joseph MO;+39.76580;-94.85060
St Louis Park MN;+44.94330;-93.35000
St Louis MO;+38.62920;-90.20610
St Lucia;+13.73330;-60.95000
St Michales MD;+38.80000;-76.20000
St Nazaire France;+47.30000;-2.21660
St Paul MN;+44.95530;-93.10190
St Petersburg FL;+27.77170;-82.63860
St Petersburg Russia;+59.95000;+30.33330
St Thomas VI;+18.33330;-64.96670
Stamford CT;+41.05250;-73.54000
Stanley Falkland Is;-51.76660;-57.98320
Staten Island NY;+40.58330;-74.15000
Statesville NC;+34.75000;-80.90000
Steamboat Springs CO;+40.50000;-106.80000
Sterling Heights MI;+42.58330;-83.01670
Sterling IL;+41.78300;-89.65000
Sterling VA;+38.94470;-77.45580
Steubenville OH;+40.36170;-80.61470
Stockholm ME;+47.08300;-68.13300
Stockholm Sweden;+59.38330;+18.00000
Stockton CA;+37.95830;-121.28800
Stony Brook NY;+40.92000;-73.13000
Strasbourg France;+48.54000;+7.62600
Stratford CT;+41.20000;-73.13330
Sturtevant WI;+42.70000;-87.90000
Stuttgart Germany;+48.80000;+9.25000
Sudbury ON;+46.54000;-80.86000
Suffolk VA;+36.72830;-76.58000
Sumter SC;+33.91830;-80.34670
Sun Valley CA;+34.25000;-118.37300
Sunnyvale CA;+37.37670;-122.03300
Sunrise FL;+26.14750;-80.25400
Superior WI;+46.72060;-92.10190
Swannanoa NC;+35.59500;-82.55720
Swift Current Sask.;+50.28000;-107.75000
Sydney Australia;-33.91660;+151.28330
Sydney NS;+46.14000;-60.08000
Syracuse NY;+43.05110;-76.15390
Tabriz Iran;+38.13330;+46.23600
Tacoma WA;+47.24970;-122.43800
Tahiti;-17.55000;-149.60000
Tai Tam Hong Kong;+22.25000;+114.20000
Taipei Taiwan;+25.03330;+121.63330
Talara Peru;-4.56670;-81.25000
Tallahassee FL;+30.44500;-84.28170
Tampa FL;+27.94940;-82.45690
Tangier Morocco;+35.86670;-5.91660
Taora Island;+8.70830;+171.23330
Taylor MI;+42.22500;-83.26830
Tegucigalpa Honduras;+14.06670;-87.21670
Tehran Iran;+35.75000;+51.50000
Teignmouth England;+50.55000;+3.51000
Tel Aviv Israel;+32.01700;+34.88300
Tempe AZ;+33.41500;-111.92800
Tengah Singapore;+1.38330;+103.71670
Tenino WA;+46.87472;-122.83500
Tern Island HI;+23.86720;-166.28800
Terre Haute IN;+39.46750;-87.40720
Texarkana AR;+33.43000;-94.04170
Texarkana TX;+33.43000;-94.04170
The Pas MB;+53.88000;-101.17000
Thibodaux LA;+29.79500;-90.80670
Thomasville AL;+31.91700;-87.71700
Thornton CO;+39.86330;-104.96500
Thousand Oaks CA;+34.17170;-118.84000
Thule Greenland;+76.54000;-68.70000
Thunder Bay ON;+48.45000;-89.20000
Tifton GA;+31.41700;-83.56700
Tillson NY;+41.83860;-74.07000
Timmins ON;+48.48000;-81.33000
Tinak Marshall Is;+7.13333;+171.91670
Tinian Island;+14.99560;+145.61560
Tokyo Japan;+35.68330;+139.73330
Toledo OH;+41.65390;-83.54420
Tombstone AZ;+31.66700;-110.00000
Topeka KS;+39.05440;-95.67300
Toronto ON;+43.67000;-79.37000
Torrance CA;+33.82500;-118.30800
Torrington CT;+41.83300;-73.16700
Toulouse France;+43.61670;+1.45000
Tours France;+47.38330;+0.65000
Townsville Australia;-19.25000;+146.76670
Trapani Sicily;+37.90000;+12.48300
Traverse City MI;+44.75000;-85.66700
Trenton NJ;+40.22060;-74.77030
Trinidad CO;+37.18300;-104.51700
Tripoli Libya;+32.83330;+13.21670
Trois-Rivieres PQ;+46.36000;-72.68000
Troy MI;+42.61000;-83.15000
Troy MT;+48.46700;-115.93300
Troy NY;+42.72920;-73.68280
Truk Atoll Micronesia;+7.45528;+151.83720
Truth or Consequences;+33.16700;-107.33300
Tucker GA;+33.52000;-84.12000
Tucson AZ;+32.22080;-110.96900
Tucumcari NM;+35.18300;-103.71700
Tulsa OK;+36.15330;-95.99280
Tunis Tunisia;+36.85000;+10.21700
Tupelo MS;+34.23300;-88.71700
Tuscaloosa AL;+33.20500;-87.56670
Twin Falls ID;+42.56170;-114.47000
Tyler TX;+32.34500;-95.30170
Ubon Thailand;+15.25000;+104.86670
Udon-Thani Thailand;+17.38330;+102.80000
Uelzen Germany;+52.97000;+10.52000
Ujung Pandang Indones;-5.06670;+119.55000
Unalaska AK;+53.91000;-166.54000
Union City NJ;+40.75330;-74.03830
Union City TN;+36.41700;-89.06700
University City MO;+38.66000;-90.33330
Upolu Point HI;+20.20360;-155.84600
Upolu HI;+20.26833;-155.86300
Urbana IL;+40.11170;-88.20170
Utica NY;+43.10330;-75.22580
Utirik Marshall Is;+11.23330;+169.85000
Vacaville CA;+38.27000;-121.50000
Val-d'or PQ;+48.08000;-77.78000
Valdez AK;+61.13000;-146.28000
Valdosta GA;+30.83170;-83.27830
Vale OR;+43.98300;-117.23300
Valentine NE;+42.86700;-100.56700
Valhalla NY;+41.81300;-73.77250
Vallejo CA;+38.11000;-122.25000
Valletta Malta;+35.83330;+14.48330
Valparaiso Chile;-33.03320;-71.53320
Van Buren ME;+47.15000;-67.96700
Van Nuys CA;+34.18330;-118.36700
Vancouver BC;+49.25000;-123.08000
Vancouver WA;+45.62500;-122.67000
Vandans Austria;+47.09920;+9.86340
Vandenberg AFB CA;+34.73330;-120.58300
Vaughn NM;+34.61700;-105.21700
Venice CA;+33.90000;-118.44200
Venice Italy;+45.41670;+12.30000
Ventura CA;+34.28330;-119.30000
Vermillion SD;+42.78000;-96.92830
Vernal UT;+40.48300;-109.66700
Vicksburg MS;+32.34830;-90.87830
Victoria BC;+48.63000;-123.40000
Victoria TX;+28.80500;-97.00500
Vienna Austria;+48.21670;+16.36670
Vineland NJ;+39.48670;-75.02670
Virginia Beach VA;+36.84670;-75.97500
Virginia Beach VA;+36.84611;-76.13920
Visalia CA;+36.33500;-119.29700
Vladivostok Russia;+43.10000;+131.78330
Vols Austria;+47.15210;+11.19480
W Fargo ND;+46.87170;-96.90330
W Hartford CT;+41.75000;-72.74000
W Springfield MA;+42.10143;-72.63000
W Warwick RI;+41.70830;-71.52500
Wabash IN;+40.75000;-85.83300
Waco TX;+31.55330;-97.13330
Wahiawa HI;+21.50000;-158.03300
Waialua HI;+21.55000;-158.13300
Waikola HI;+19.86700;-155.75000
Wailuku HI;+20.91700;-156.50000
Waimea HI;+21.93300;-159.63300
Waipahu HI;+21.33300;-158.03300
Wake Island;+19.28167;+166.63640
Wakefield MA;+42.50000;-71.06670
Waldoboro ME;+44.10000;-69.36700
Walker LA;+30.44940;-91.18330
Walla Walla WA;+46.06890;-118.34000
Wallace ID;+47.45000;-115.91700
Wallowa OR;+45.56700;-117.53300
Walnut Creek CA;+37.90170;-122.05800
Waltham MA;+42.37330;-71.23670
Warner Robins GA;+32.61670;-83.60170
Warren MI;+42.50830;-83.02670
Warren OH;+41.23670;-80.80830
Warren PA;+41.83300;-79.16700
Warsaw Poland;+52.58340;+21.08330
Warwick RI;+41.70170;-71.45830
Wasco OR;+45.60000;-120.70000
Waseca MN;+44.07420;-93.49250
Washington (USNO) DC;+38.92056;-77.06580
Washington DC;+38.89750;-77.00920
Washington IL;+40.69300;-89.40000
Waterbury CT;+41.55360;-73.04190
Waterloo IA;+42.49440;-92.33890
Waterloo ON;+43.46000;-80.49000
Watertown NY;+44.00000;-75.91700
Watertown SD;+44.90170;-97.11330
Waterville WA;+47.63300;-120.06700
Waukegan IL;+42.35830;-87.83330
Waukesha WI;+43.00220;-88.23670
Wausau WI;+44.96700;-89.66700
Wauwatosa WI;+43.05170;-88.00670
Waycross GA;+31.18300;-82.40000
Wayne NE;+42.21700;-97.05000
Waynesboro VA;+38.06250;-78.87500
Waynesburg PA;+39.93330;-80.23330
Weirs NH;+43.70000;-71.25000
Weirton WV;+40.40500;-80.58830
Wellington N Zealand;-41.24990;+174.75000
Wells NV;+41.11700;-115.06700
Wendover UT;+40.78300;-114.01700
West Allis WI;+43.00830;-88.00670
West Covina CA;+34.07170;-117.90900
West Haven CT;+41.28330;-72.95330
West Hills CA;+34.18720;-118.63800
West Memphis AR;+35.14670;-90.17670
West Palm Beach FL;+26.71670;-80.05330
Westbrook ME;+43.67670;-70.36330
Westerly RI;+41.41700;-71.83300
Westland MI;+42.29670;-83.38670
Westminster CA;+33.77500;-117.99300
Westminster CO;+39.83000;-105.03300
Westminster MD;+38.56110;-76.99440
Westover AFB MA;+42.20000;-72.53330
Weymouth MA;+42.22170;-70.96500
Wheaton MD;+39.08300;-77.08300
Wheeler AFB HI;+21.48472;-158.04000
Wheeling WV;+40.06750;-80.72220
Whenuapai New Zealand;-36.78330;+174.63330
Whidbey Is WA;+48.30000;-122.65000
White Plains NY;+41.03330;-73.76330
Whitehorse Yukon;+60.71700;-135.06700
Whittier CA;+33.96670;-118.04200
Wichita Falls TX;+33.90940;-98.49110
Wichita KS;+37.69170;-97.33780
Wickenburg AZ;+33.96700;-112.73300
Wilder ID;+43.61050;-116.94200
Wilkes-Barre PA;+41.24220;-75.88800
Willcox AZ;+32.25000;-109.83300
Williston ND;+48.14830;-103.62200
Wilmington DE;+39.74610;-75.54750
Wilmington NC;+34.23670;-77.92330
Winchester ID;+46.23300;-116.65000
Winchester KY;+38.00000;-84.25000
Winchester NH;+42.75000;-72.41700
Winchester VA;+39.16700;-78.16700
Windam CT;+41.75000;-72.08300
Windsor ON;+42.28300;-82.96700
Winnemucca NV;+40.10000;-119.11700
Winner SD;+43.36700;-99.83300
Winnett MT;+47.01700;-108.33300
Winnfield LA;+31.93300;-92.65000
Winnipeg MB;+49.90000;-97.13000
Winona MN;+44.05000;-91.66700
Winona MS;+33.48300;-89.71700
Winooski VT;+44.50000;-73.16700
Winsted CT;+41.91700;-73.08300
Winston-Salem NC;+36.09780;-80.24500
Wolphaartsdijk Neth.;+51.53330;+3.89860
Woodland Hills CA;+34.15030;-118.59000
Woodsville NH;+44.16700;-72.00000
Woodward OK;+36.41700;-99.40000
Woonsocket RI;+42.00000;-71.50000
Woonsocket SD;+44.05000;-98.28300
Worcester MA;+42.26030;-71.80470
Wotje Marshall Is;+9.46670;+170.23330
Wright-Patterson AFB;+39.83330;-84.05000
Wurzburg Germany;+49.82000;+9.89100
Wynnewood PA;+40.01000;-75.17990
Wyoming MI;+42.89670;-85.70670
Wytheville VA;+36.91700;-81.10000
Yakima WA;+46.59500;-120.51300
Yakutat AK;+59.53300;-139.58300
Yalta Ukraine;+44.48330;+34.20000
Yankton SD;+42.87500;-97.39000
Yap Island Micronesia;+9.49750;+138.08940
Yardley PA;+40.21100;-74.77600
Yellowknife NWT;+62.48000;-114.42000
Yonkers NY;+40.93190;-73.89830
York PA;+39.95970;-76.72670
Yorktown Heights NY;+41.33330;-73.76670
Youngstown OH;+41.09920;-80.65050
Yuba City CA;+39.13300;-121.63300
Yuma AZ;+32.71500;-114.62300
Yuma CO;+40.13300;-102.83300
Zanesville OH;+39.93830;-82.00830
Zaragoza Spain;+41.66670;-1.05000
Zurich Switzerland;+47.36670;+8.53330
Zwickau Germany;+50.70000;+12.50000